<manifest alg="2" build="2017.0.1.363" opt="false" iceEnabled="true" iceMarkupVersion="2" iceEnabledOptions="link,responsive,cachebuster" exportTarget="other" domain="www.eskmarket.com.au" resolutions="1x" timestamp="1534730998389">
  <folder name="css">
    <file name="site_global.css" crc="443350757"/>
    <file name="master_a-master.css" crc="4193645785" ref="index"/>
    <file name="index.css" crc="433787450" ref="index"/>
    <file name="iefonts_index.css" crc="3953469062" ref="index"/>
  </folder>
  <folder name="assets">
    <file name="lawn-heroes-logo.png" crc="404634010" seo="true" mt="1498697652000"/>
    <file name="general-rules.pdf" crc="4252751213" seo="true" mt="1475024671000"/>
    <file name="site-application.pdf" crc="4260052864" seo="true" mt="1475023427000"/>
  </folder>
  <folder name="scripts">
    <file name="jquery-1.8.3.min.js" crc="209076791" ref="phone>index:index"/>
    <file name="museutils.js" crc="4148063285" ref="phone>index:index"/>
    <file name="whatinput.js" crc="86476730" ref="phone>index:index"/>
    <file name="museconfig.js" crc="172512987" ref="phone>index:index"/>
    <file name="jquery.watch.js" crc="437028206" ref="phone>index:index"/>
    <file name="jquery.musemenu.js" crc="3765830709" ref="phone>index:index"/>
    <file name="webpro.js" crc="3986320349" ref="phone>index:index"/>
    <file name="musewpdisclosure.js" crc="3865010892" ref="phone>index"/>
    <file name="form_check.php" crc="303648844" ref="phone>index"/>
    <file name="form_throttle.php" crc="236764551" ref="phone>index"/>
    <file name="form_process.php" crc="4272079531" ref="phone>index"/>
    <file name="form-u7609.php" crc="4152074276" ref="phone>index"/>
    <file name="jquery.scrolleffects.js" crc="3801019579" ref="phone>index"/>
    <file name="html5shiv.js" crc="4241844378" ref="phone>index:index"/>
    <file name="require.js" crc="4159430777" ref="phone>index:index"/>
    <file name="form-u6941.php" crc="340696512" ref="index"/>
  </folder>
  <folder name="images">
    <file name="esk mobile logo-crop-u10194.png" crc="451692511" ref="phone>index"/>
    <file name="about us esk image.png" crc="4193917721" seo="true" ref="phone>index:index"/>
    <file name="eskmarket368x245.jpg" crc="215500926" seo="true" ref="phone>index"/>
    <file name="links esk image.png" crc="48744830" seo="true" ref="phone>index:index"/>
    <file name="facebook logo.png" crc="4187444382" seo="true" ref="phone>index:index"/>
    <file name="esk logo.png" crc="79469320" seo="true" ref="phone>index:index"/>
    <file name="tnt logo.png" crc="4277942589" seo="true" ref="phone>index:index"/>
    <file name="destination logo.png" crc="4169082313" seo="true" ref="phone>index:index"/>
    <file name="forms esk image.png" crc="4132886235" seo="true" ref="phone>index:index"/>
    <file name="contact.png" crc="3770160434" seo="true" ref="phone>index:index"/>
    <file name="email.png" crc="185892486" seo="true" ref="phone>index:index"/>
    <file name="facebook.png" crc="4276012941" seo="true" ref="phone>index:index"/>
    <file name="esk logo header-crop-u6643.png" crc="4259976827" ref="index"/>
    <file name="eskmarket.jpg" crc="166428110" seo="true" ref="index"/>
  </folder>
  <folder name="phone">
    <folder name="css">
      <file name="master_a-master.css" crc="4044728363" ref="phone>index"/>
      <file name="index.css" crc="4071556242" ref="phone>index"/>
      <file name="iefonts_index.css" crc="504582816" ref="phone>index"/>
    </folder>
    <file name="index.html" crc="473931397" seo="true" mt="1534730951833" redirect="true"/>
  </folder>
  <file name="index.html" crc="3810899215" seo="true" mt="1534730903576" redirect="true"/>
</manifest>